<?xml version="1.0" encoding="UTF-8"?>
<beans xmlns="http://www.springframework.org/schema/beans"
	xmlns:xsi="http://www.w3.org/2001/XMLSchema-instance"
	xmlns:p="http://www.springframework.org/schema/p"
	xmlns:context="http://www.springframework.org/schema/context"
	xsi:schemaLocation="http://www.springframework.org/schema/beans http://www.springframework.org/schema/beans/spring-beans.xsd
		http://www.springframework.org/schema/context http://www.springframework.org/schema/context/spring-context-3.2.xsd">

<context:annotation-config/>
<context:component-scan  base-package="lab.board" />


<bean id="dataSource" 
      class="org.springframework.jndi.JndiObjectFactoryBean">
  <property name="jndiName" value="java:/comp/env/jdbc/oracle" />
</bean>

<bean id="sqlSessionFactory" class="org.mybatis.spring.SqlSessionFactoryBean">
  <property name="dataSource" ref="dataSource" />
  <property name="mapperLocations" 
         value="classpath*:config/mappers/*Mapper.xml" />
</bean>

<bean id="sqlSession" 
      class="org.mybatis.spring.SqlSessionTemplate">
  <constructor-arg index="0" ref="sqlSessionFactory" />
</bean>


<bean
  class="org.springframework.web.servlet.view.InternalResourceViewResolver">
  <property name="prefix" value="/WEB-INF/view/"></property>
  <property name="suffix" value=".jsp"></property>
</bean>


 
</beans>
