<?xml version="1.0" encoding="UTF-8" ?>
<!DOCTYPE mapper
  PUBLIC "-//mybatis.org//DTD Mapper 3.0//EN"
  "http://mybatis.org/dtd/mybatis-3-mapper.dtd">
<mapper namespace="lab.board.BoardMapper">
  <select id="list" resultType="lab.board.dto.Article"
                    parameterType="hashmap">
     select num, subject, writer, idate,  rcount  
	 from bbs 
	 where num &gt; #{start}  and num &lt;= #{end}
	 order by num desc
  </select>
  
  <select id="checkReply" parameterType="_int"  
                          resultType="lab.board.dto.Article">
   select num, subject, writer, idate, rcount  
    from bbs_reply where rnum=  #{rnum}
  </select>
  
  <select id="pageCount" resultType="_int">
     select count(*) from bbs
  </select>
  
  <insert id="insert_bbs" parameterType="lab.board.dto.Board">   
  insert into bbs  (num, subject, writer,  password, idate, 
     html, contents, email,  homepage,  ip )  
  values (reply_seq.nextval, #{subject}, #{writer}, #{password}, 
  sysdate,  #{html} , #{contents}, #{email},  #{homepage}, 
   #{ip}  )     
   </insert>
  
  <insert id="insert_bbsreply" parameterType="lab.board.dto.Board">
   insert into bbs_reply (num, subject, writer,  password, idate, 
     html, contents, email,  homepage,  ip, rnum)  
  values (reply_seq.nextval, #{subject}, #{writer}, #{password}, 
  sysdate, #{html} , #{contents}, #{email},  #{homepage}, 
   #{ip}, #{rnum} )     
   </insert>
   
   <select id="bbs_article" resultType="lab.board.dto.Board"
                            parameterType="_int">     
   select num, subject, writer, password, idate,  
          html, contents, email, homepage, ip, rcount, vcount 
   from bbs 
   where num =#{num}
   </select>
   
   <select id="reply_article" resultType="lab.board.dto.Board"
                            parameterType="_int">     
   select num, subject, writer, password, idate,  
          html, contents, email, homepage, ip, rcount, vcount 
   from bbs_reply 
   where num =#{num}
   </select>
   
   <select id="reply_count"  parameterType="_int"
                             resultType="_int">
    select count(num) from bbs_reply  
	where rnum= #{num} 
   </select>
   
   <select id="get_comment" parameterType="_int"
                            resultType="lab.board.dto.Comment">
    select num, writer, idate, contents, password, ip  
	from bbs_comment  
	where rnum = #{num}
   </select>
   
   <update id="bbs_rcount"  parameterType="_int" >
      update bbs set rcount=rcount+1
      where num=#{num}
   </update>
   
   <update id="bbsreply_rcount"  parameterType="_int" >
      update bbs_reply set rcount=rcount+1
      where num=#{num}
   </update>
   
   
   
   
   
   
   <insert id="comment_save"  parameterType="lab.board.dto.Comment">
    insert into bbs_comment (num, rnum, writer,	 idate, contents, 
    password, ip)  
	values ( comment_seq.NEXTVAL, #{rnum}, #{writer}, sysdate , 
	#{contents}, #{password}, #{ip} ) 
   </insert>
   
   <delete id="comment_remove" parameterType="lab.board.dto.PasswordForm">
   delete from bbs_comment 
   where  num = #{num} and password = #{password}
   </delete>
   
    
   
   <update id="bbs_vcnt_add" parameterType="_int">
    update bbs set vcount=vcount+1
    where num =  #{num} 
   </update>
   
   <update id="bbsreply_vcnt_add" parameterType="_int">
    update bbs_reply set vcount=vcount+1
    where num =  #{num} 
   </update>
   
   <update id="bbs_modify"  parameterType="lab.board.dto.Board">
      update bbs set subject=#{subject}, writer=#{writer}, 
      password=#{password}, contents=#{contents}, email=#{email},  
	  homepage=#{homepage}, html=#{html} where num = #{num}
   </update>
   
   <update id="bbsreply_modify"  parameterType="lab.board.dto.Board">
      update bbs_reply set subject=#{subject}, writer=#{writer},
       password=#{password}, contents=#{contents}, email=#{email},  
	  homepage=#{homepage}, html=#{html} where num = #{num}
   </update>
   
   
   
   
   <delete id="comment_all_remove" parameterType="_int">
       delete from bbs_comment    where  rnum = #{num}  
   </delete>
   
   <delete id="bbs_remove" parameterType="lab.board.dto.PasswordForm">
      delete from bbs where num = #{num} and password=#{password}
   </delete>
   <delete id="bbsreply_remove" parameterType="lab.board.dto.PasswordForm">
       delete from bbs_reply where num = #{num} and password=#{password}
   </delete>
   
   
</mapper>


